{
  "products": [
    {
      "name": "Ordinateur portable",
      "category": "Électronique",
      "description": "Ordinateur portable haut de gamme avec processeur Intel Core i7 et écran 15 pouces",
      "price": 1299.99
    },
    {
      "name": "Casque audio sans fil",
      "category": "Électronique",
      "description": "Casque audio sans fil avec suppression active de bruit et autonomie de 20 heures",
      "price": 299.99
    },
    {
      "name": "Aspirateur robot",
      "category": "Maison et jardin",
      "description": "Aspirateur robot avec navigation intelligente et nettoyage en profondeur des tapis et moquettes",
      "price": 599.99
    },
    {
      "name": "Robe d'été",
      "category": "Mode",
      "description": "Robe d'été légère en coton avec imprimé floral",
      "price": 59.99
    },
    {
      "name": "Lampe de table",
      "category": "Maison et jardin",
      "description": "Lampe de table design en métal avec abat-jour en tissu",
      "price": 79.99
    },
    {
      "name": "Télévision",
      "category": "Électronique",
      "description": "Télévision 4K ultra-haute définition avec écran de 55 pouces",
      "price": 899.99
    },
    {
      "name": "Tondeuse à gazon",
      "category": "Maison et jardin",
      "description": "Tondeuse à gazon électrique légère avec bac de ramassage de l'herbe",
      "price": 199.99
    },
    {
      "name": "Chemise en lin",
      "category": "Mode",
      "description": "Chemise en lin pour homme avec boutons en nacre et poche poitrine",
      "price": 89.99
    },
    {
      "name": "Chaussures de sport",
      "category": "Mode",
      "description": "Chaussures de sport pour femme avec semelle en caoutchouc et tige en mesh respirant",
      "price": 119.99
    }
  ]
}