{
  "avis": [
    {
      "utilisateur": "Alice",
      "tranche_age": "18-26",
      "evaluation": 8,
      "date": "2022-01-15"
    },
    {
      "utilisateur": "Bob",
      "tranche_age": "27-35",
      "evaluation": 6,
      "date": "2022-02-01"
    },
    {
      "utilisateur": "Charlie",
      "tranche_age": "36-50",
      "evaluation": 9,
      "date": "2022-02-15"
    },
    {
      "utilisateur": "Dave",
      "tranche_age": "51+",
      "evaluation": 7,
      "date": "2022-03-01"
    },
    {
      "utilisateur": "Emily",
      "tranche_age": "18-26",
      "evaluation": 4,
      "date": "2022-03-15"
    },
    {
      "utilisateur": "Frank",
      "tranche_age": "27-35",
      "evaluation": 5,
      "date": "2022-04-01"
    },
    {
      "utilisateur": "Grace",
      "tranche_age": "36-50",
      "evaluation": 10,
      "date": "2022-04-15"
    },
    {
      "utilisateur": "Harry",
      "tranche_age": "51+",
      "evaluation": 9,
      "date": "2022-05-01"
    },
    {
      "utilisateur": "Isabelle",
      "tranche_age": "18-26",
      "evaluation": 7,
      "date": "2022-05-15"
    },
    {
      "utilisateur": "Jack",
      "tranche_age": "27-35",
      "evaluation": 8,
      "date": "2022-06-01"
    },
    {
      "utilisateur": "Karen",
      "tranche_age": "36-50",
      "evaluation": 3,
      "date": "2022-06-15"
    },
    {
      "utilisateur": "Larry",
      "tranche_age": "51+",
      "evaluation": 6,
      "date": "2022-07-01"
    },
    {
      "utilisateur": "Mia",
      "tranche_age": "36-50",
      "evaluation": 9,
      "date": "2022-02-01"
    }
]
}
